"HITId","HITTypeId","Title","Description","Keywords","Reward","CreationTime","MaxAssignments","RequesterAnnotation","AssignmentDurationInSeconds","AutoApprovalDelayInSeconds","Expiration","NumberOfSimilarHITs","LifetimeInSeconds","AssignmentId","WorkerId","AssignmentStatus","AcceptTime","SubmitTime","AutoApprovalTime","ApprovalTime","RejectionTime","RequesterFeedback","WorkTimeInSeconds","LifetimeApprovalRate","Last30DaysApprovalRate","Last7DaysApprovalRate","Input.img_url","Answer.comment","Answer.coordinates","Approve","Reject"
"3D17ECOUOFSEW12RLZU7T5U6HAS313","3U6C37VJ6W25QW4KXAJ3NZL4OYMN1X","Image Segmentation Pedestrians","Draw an outline around all pedestrians using points automatically linked by a line.","segmentation, pedestrian","$0.35","Mon Dec 10 08:58:48 PST 2018","3","BatchId:3466302;OriginalHitTemplateId:920937336;","360","172800","Fri Dec 14 08:58:48 PST 2018","","","3TMFV4NEPABWLJMUK6JQ2WOY953W8O","A2UTHXLZL8TNBK","Submitted","Mon Dec 10 18:15:20 PST 2018","Mon Dec 10 18:18:26 PST 2018","Wed Dec 12 18:18:26 PST 2018","","","","186","0% (0/0)","0% (0/0)","0% (0/0)","https://s3.ca-central-1.amazonaws.com/maxsmturktest/FudanPed00003.png","{}","[[{""x"":311,""y"":240.60000228881836},{""x"":320,""y"":238.60000228881836},{""x"":332,""y"":233.60000228881836},{""x"":344,""y"":225.60000228881836},{""x"":346,""y"":218.60000228881836},{""x"":351,""y"":201.60000228881836},{""x"":357,""y"":187.60000228881836},{""x"":360,""y"":181.60000228881836},{""x"":359,""y"":176.60000228881836},{""x"":351,""y"":171.60000228881836},{""x"":350,""y"":160.60000228881836},{""x"":352,""y"":142.60000228881836},{""x"":352,""y"":133.60000228881836},{""x"":360,""y"":130.60000228881836},{""x"":376,""y"":128.60000228881836},{""x"":384,""y"":138.60000228881836},{""x"":388,""y"":146.60000228881836},{""x"":384,""y"":163.60000228881836},{""x"":382,""y"":169.60000228881836},{""x"":387,""y"":182.60000228881836},{""x"":394,""y"":201.60000228881836},{""x"":402,""y"":236.60000228881836},{""x"":399,""y"":253.60000228881836},{""x"":399,""y"":257.60000228881836},{""x"":400,""y"":280.60000228881836},{""x"":399,""y"":293.60000228881836},{""x"":410,""y"":324.60000228881836},{""x"":420,""y"":345.60000228881836},{""x"":432,""y"":374.60000228881836},{""x"":440,""y"":397.60000228881836},{""x"":450,""y"":409.60000228881836},{""x"":428,""y"":419.60000228881836},{""x"":407,""y"":419.60000228881836},{""x"":398,""y"":416.60000228881836},{""x"":408,""y"":413.60000228881836},{""x"":411,""y"":408.60000228881836},{""x"":410,""y"":396.60000228881836},{""x"":403,""y"":377.60000228881836},{""x"":391,""y"":353.60000228881836},{""x"":375,""y"":325.60000228881836},{""x"":357,""y"":361.60000228881836},{""x"":344,""y"":384.60000228881836},{""x"":333,""y"":405.60000228881836},{""x"":332,""y"":416.60000228881836},{""x"":326,""y"":420.60000228881836},{""x"":308,""y"":413.60000228881836},{""x"":296,""y"":407.60000228881836},{""x"":288,""y"":394.60000228881836},{""x"":299,""y"":394.60000228881836},{""x"":306,""y"":385.60000228881836},{""x"":318,""y"":375.60000228881836},{""x"":330,""y"":358.60000228881836},{""x"":333,""y"":341.60000228881836},{""x"":340,""y"":312.60000228881836},{""x"":344,""y"":293.60000228881836},{""x"":348,""y"":279.60000228881836},{""x"":347,""y"":263.60000228881836},{""x"":347,""y"":250.60000228881836},{""x"":344,""y"":241.60000228881836},{""x"":324,""y"":247.60000228881836},{""x"":312,""y"":256.60000228881836},{""x"":304,""y"":257.60000228881836},{""x"":301,""y"":247.60000228881836},{""x"":303,""y"":243.60000228881836},{""x"":310,""y"":238.60000228881836}],[{""x"":389,""y"":148.80000114440918},{""x"":398,""y"":152.80000114440918},{""x"":395,""y"":166.80000114440918},{""x"":398,""y"":179.80000114440918},{""x"":406,""y"":191.80000114440918},{""x"":415,""y"":199.80000114440918},{""x"":429,""y"":222.80000114440918},{""x"":448,""y"":261.8000011444092},{""x"":448,""y"":297.8000011444092},{""x"":408,""y"":306.8000011444092},{""x"":415,""y"":332.8000011444092},{""x"":457,""y"":354.8000011444092},{""x"":461,""y"":362.8000011444092},{""x"":460,""y"":381.8000011444092},{""x"":455,""y"":398.8000011444092},{""x"":446,""y"":401.8000011444092},{""x"":444,""y"":385.8000011444092},{""x"":432,""y"":373.8000011444092},{""x"":392,""y"":358.8000011444092},{""x"":394,""y"":406.8000011444092},{""x"":351,""y"":406.8000011444092},{""x"":358,""y"":398.8000011444092},{""x"":364,""y"":394.8000011444092},{""x"":364,""y"":378.8000011444092},{""x"":360,""y"":355.8000011444092},{""x"":374,""y"":328.8000011444092},{""x"":382,""y"":173.80000114440918},{""x"":384,""y"":155.80000114440918},{""x"":389,""y"":148.80000114440918}]]"
"3IHWR4LC7EABX44V5NA9CLJ3EYV8IS","3U6C37VJ6W25QW4KXAJ3NZL4OYMN1X","Image Segmentation Pedestrians","Draw an outline around all pedestrians using points automatically linked by a line.","segmentation, pedestrian","$0.35","Mon Dec 10 08:58:48 PST 2018","3","BatchId:3466302;OriginalHitTemplateId:920937336;","360","172800","Fri Dec 14 08:58:48 PST 2018","","","3K4J6M3CXGQE7LP92ZZMCK8555EGAE","A2UTHXLZL8TNBK","Submitted","Mon Dec 10 18:20:20 PST 2018","Mon Dec 10 18:24:09 PST 2018","Wed Dec 12 18:24:09 PST 2018","","","","229","0% (0/0)","0% (0/0)","0% (0/0)","https://s3.ca-central-1.amazonaws.com/maxsmturktest/FudanPed00004.png","{}","[[{""x"":218,""y"":64.59999990463257},{""x"":228,""y"":57.59999990463257},{""x"":241,""y"":57.59999990463257},{""x"":254,""y"":65.59999990463257},{""x"":264,""y"":81.59999990463257},{""x"":275,""y"":109.59999990463257},{""x"":277,""y"":133.59999990463257},{""x"":273,""y"":153.59999990463257},{""x"":272,""y"":183.59999990463257},{""x"":263,""y"":211.59999990463257},{""x"":264,""y"":239.59999990463257},{""x"":272,""y"":254.59999990463257},{""x"":292,""y"":276.59999990463257},{""x"":310,""y"":293.59999990463257},{""x"":322,""y"":309.59999990463257},{""x"":323,""y"":317.59999990463257},{""x"":307,""y"":334.59999990463257},{""x"":296,""y"":339.59999990463257},{""x"":285,""y"":337.59999990463257},{""x"":290,""y"":329.59999990463257},{""x"":293,""y"":323.59999990463257},{""x"":282,""y"":305.59999990463257},{""x"":266,""y"":286.59999990463257},{""x"":256,""y"":269.59999990463257},{""x"":248,""y"":259.59999990463257},{""x"":237,""y"":226.59999990463257},{""x"":220,""y"":263.59999990463257},{""x"":218,""y"":288.59999990463257},{""x"":212,""y"":305.59999990463257},{""x"":212,""y"":320.59999990463257},{""x"":210,""y"":337.59999990463257},{""x"":181,""y"":338.59999990463257},{""x"":168,""y"":336.59999990463257},{""x"":163,""y"":325.59999990463257},{""x"":171,""y"":324.59999990463257},{""x"":176,""y"":320.59999990463257},{""x"":183,""y"":301.59999990463257},{""x"":190,""y"":276.59999990463257},{""x"":199,""y"":249.59999990463257},{""x"":206,""y"":223.59999990463257},{""x"":212,""y"":197.59999990463257},{""x"":214,""y"":181.59999990463257},{""x"":211,""y"":167.59999990463257},{""x"":200,""y"":177.59999990463257},{""x"":193,""y"":170.59999990463257},{""x"":196,""y"":157.59999990463257},{""x"":212,""y"":150.59999990463257},{""x"":220,""y"":143.59999990463257},{""x"":221,""y"":129.59999990463257},{""x"":225,""y"":116.59999990463257},{""x"":229,""y"":107.59999990463257},{""x"":222,""y"":101.59999990463257},{""x"":216,""y"":97.59999990463257},{""x"":215,""y"":85.59999990463257},{""x"":217,""y"":75.59999990463257},{""x"":218,""y"":64.59999990463257}],[{""x"":8,""y"":77.59999990463257},{""x"":14,""y"":73.59999990463257},{""x"":15,""y"":66.59999990463257},{""x"":19,""y"":61.59999990463257},{""x"":29,""y"":61.59999990463257},{""x"":31,""y"":67.59999990463257},{""x"":31,""y"":74.59999990463257},{""x"":41,""y"":81.59999990463257},{""x"":47,""y"":93.59999990463257},{""x"":44,""y"":102.59999990463257},{""x"":50,""y"":121.59999990463257},{""x"":54,""y"":133.59999990463257},{""x"":56,""y"":162.59999990463257},{""x"":42,""y"":159.59999990463257},{""x"":40,""y"":137.59999990463257},{""x"":48,""y"":133.59999990463257},{""x"":39,""y"":121.59999990463257},{""x"":33,""y"":141.59999990463257},{""x"":39,""y"":151.59999990463257},{""x"":44,""y"":166.59999990463257},{""x"":43,""y"":177.59999990463257},{""x"":36,""y"":181.59999990463257},{""x"":32,""y"":169.59999990463257},{""x"":27,""y"":161.59999990463257},{""x"":16,""y"":137.59999990463257},{""x"":29,""y"":132.59999990463257},{""x"":32,""y"":121.59999990463257},{""x"":25,""y"":110.59999990463257},{""x"":20,""y"":93.59999990463257},{""x"":12,""y"":84.59999990463257}],[{""x"":8,""y"":79.59999990463257},{""x"":1,""y"":65.59999990463257},{""x"":8,""y"":67.59999990463257},{""x"":12,""y"":84.59999990463257},{""x"":19,""y"":93.59999990463257},{""x"":24,""y"":110.59999990463257},{""x"":28,""y"":123.59999990463257},{""x"":25,""y"":133.59999990463257},{""x"":16,""y"":136.59999990463257},{""x"":27,""y"":160.59999990463257},{""x"":38,""y"":181.59999990463257},{""x"":17,""y"":186.59999990463257},{""x"":19,""y"":181.59999990463257},{""x"":4,""y"":155.59999990463257},{""x"":1,""y"":159.59999990463257}],[{""x"":216,""y"":71.59999990463257},{""x"":223,""y"":60.59999990463257},{""x"":235,""y"":57.59999990463257},{""x"":251,""y"":65.59999990463257},{""x"":263,""y"":73.59999990463257},{""x"":269,""y"":90.59999990463257},{""x"":276,""y"":116.59999990463257},{""x"":276,""y"":141.59999990463257},{""x"":277,""y"":167.59999990463257},{""x"":273,""y"":197.59999990463257},{""x"":264,""y"":217.59999990463257},{""x"":265,""y"":240.59999990463257},{""x"":270,""y"":255.59999990463257},{""x"":292,""y"":273.59999990463257},{""x"":314,""y"":296.59999990463257},{""x"":327,""y"":313.59999990463257},{""x"":302,""y"":336.59999990463257},{""x"":291,""y"":338.59999990463257},{""x"":286,""y"":330.59999990463257},{""x"":291,""y"":323.59999990463257},{""x"":289,""y"":313.59999990463257},{""x"":250,""y"":265.59999990463257},{""x"":238,""y"":229.59999990463257},{""x"":221,""y"":257.59999990463257},{""x"":213,""y"":286.59999990463257},{""x"":210,""y"":313.59999990463257},{""x"":210,""y"":337.59999990463257},{""x"":188,""y"":338.59999990463257},{""x"":166,""y"":333.59999990463257},{""x"":168,""y"":326.59999990463257},{""x"":178,""y"":321.59999990463257},{""x"":181,""y"":304.59999990463257},{""x"":192,""y"":275.59999990463257},{""x"":201,""y"":253.59999990463257},{""x"":205,""y"":229.59999990463257},{""x"":211,""y"":207.59999990463257},{""x"":212,""y"":189.59999990463257},{""x"":214,""y"":169.59999990463257},{""x"":203,""y"":173.59999990463257},{""x"":193,""y"":176.59999990463257},{""x"":195,""y"":161.59999990463257},{""x"":204,""y"":154.59999990463257},{""x"":220,""y"":144.59999990463257},{""x"":222,""y"":128.59999990463257},{""x"":226,""y"":107.59999990463257},{""x"":228,""y"":99.59999990463257},{""x"":216,""y"":95.59999990463257},{""x"":215,""y"":86.59999990463257},{""x"":215,""y"":70.59999990463257}],[{""x"":1,""y"":63.59999990463257},{""x"":9,""y"":68.59999990463257},{""x"":10,""y"":79.59999990463257},{""x"":16,""y"":89.59999990463257},{""x"":20,""y"":100.59999990463257},{""x"":24,""y"":112.59999990463257},{""x"":29,""y"":121.59999990463257},{""x"":36,""y"":129.59999990463257},{""x"":21,""y"":137.59999990463257},{""x"":25,""y"":157.59999990463257},{""x"":33,""y"":179.59999990463257},{""x"":31,""y"":187.59999990463257},{""x"":16,""y"":187.59999990463257},{""x"":16,""y"":181.59999990463257},{""x"":13,""y"":173.59999990463257},{""x"":4,""y"":157.59999990463257},{""x"":0,""y"":169.59999990463257},{""x"":0,""y"":139.59999990463257},{""x"":0,""y"":97.59999990463257}],[{""x"":20,""y"":57.59999990463257},{""x"":32,""y"":62.59999990463257},{""x"":33,""y"":73.59999990463257},{""x"":40,""y"":79.59999990463257},{""x"":44,""y"":89.59999990463257},{""x"":48,""y"":97.59999990463257},{""x"":47,""y"":104.59999990463257},{""x"":51,""y"":120.59999990463257},{""x"":52,""y"":134.59999990463257},{""x"":54,""y"":160.59999990463257},{""x"":45,""y"":161.59999990463257},{""x"":52,""y"":169.59999990463257},{""x"":41,""y"":181.59999990463257},{""x"":34,""y"":181.59999990463257},{""x"":33,""y"":173.59999990463257},{""x"":25,""y"":157.59999990463257},{""x"":22,""y"":141.59999990463257},{""x"":36,""y"":128.59999990463257},{""x"":26,""y"":117.59999990463257},{""x"":20,""y"":96.59999990463257},{""x"":13,""y"":78.59999990463257},{""x"":16,""y"":74.59999990463257},{""x"":16,""y"":65.59999990463257},{""x"":16,""y"":59.59999990463257},{""x"":17,""y"":57.59999990463257}]]"
"3XJOUITW8VO7CMK2LTQDCJ6CJLWQT1","3U6C37VJ6W25QW4KXAJ3NZL4OYMN1X","Image Segmentation Pedestrians","Draw an outline around all pedestrians using points automatically linked by a line.","segmentation, pedestrian","$0.35","Mon Dec 10 08:58:48 PST 2018","3","BatchId:3466302;OriginalHitTemplateId:920937336;","360","172800","Fri Dec 14 08:58:48 PST 2018","","","33LKR6A5KGHMI2YFQG5002URR2BT11","A3N5P5VO81FIJ6","Approved","Mon Dec 10 09:12:45 PST 2018","Mon Dec 10 09:15:56 PST 2018","Wed Dec 12 09:15:56 PST 2018","2018-12-12 17:16:15 UTC","","","191","100% (3/3)","100% (3/3)","100% (3/3)","https://s3.ca-central-1.amazonaws.com/maxsmturktest/FudanPed00001.png","{}","[[{""x"":194,""y"":423.33333587646484},{""x"":180,""y"":416.33333587646484},{""x"":170,""y"":409.33333587646484},{""x"":160,""y"":401.33333587646484},{""x"":160,""y"":394.33333587646484},{""x"":166,""y"":396.33333587646484},{""x"":176,""y"":403.33333587646484},{""x"":180,""y"":399.33333587646484},{""x"":193,""y"":384.33333587646484},{""x"":197,""y"":377.33333587646484},{""x"":202,""y"":366.33333587646484},{""x"":219,""y"":326.33333587646484},{""x"":227,""y"":309.33333587646484},{""x"":230,""y"":305.33333587646484},{""x"":231,""y"":296.33333587646484},{""x"":224,""y"":301.33333587646484},{""x"":220,""y"":308.33333587646484},{""x"":212,""y"":308.33333587646484},{""x"":210,""y"":304.33333587646484},{""x"":210,""y"":296.33333587646484},{""x"":219,""y"":290.33333587646484},{""x"":230,""y"":281.33333587646484},{""x"":232,""y"":255.33333587646484},{""x"":234,""y"":235.33333587646484},{""x"":235,""y"":227.33333587646484},{""x"":232,""y"":218.33333587646484},{""x"":230,""y"":221.33333587646484},{""x"":226,""y"":219.33333587646484},{""x"":222,""y"":213.33333587646484},{""x"":220,""y"":210.33333587646484},{""x"":216,""y"":199.33333587646484},{""x"":216,""y"":190.33333587646484},{""x"":216,""y"":184.33333587646484},{""x"":232,""y"":179.33333587646484},{""x"":242,""y"":182.33333587646484},{""x"":249,""y"":191.33333587646484},{""x"":250,""y"":203.33333587646484},{""x"":247,""y"":208.33333587646484},{""x"":252,""y"":215.33333587646484},{""x"":262,""y"":225.33333587646484},{""x"":269,""y"":241.33333587646484},{""x"":274,""y"":283.33333587646484},{""x"":277,""y"":319.33333587646484},{""x"":273,""y"":320.33333587646484},{""x"":274,""y"":331.33333587646484},{""x"":285,""y"":362.33333587646484},{""x"":296,""y"":395.33333587646484},{""x"":302,""y"":420.33333587646484},{""x"":300,""y"":428.33333587646484},{""x"":285,""y"":431.33333587646484},{""x"":272,""y"":431.33333587646484},{""x"":261,""y"":429.33333587646484},{""x"":258,""y"":424.33333587646484},{""x"":273,""y"":417.33333587646484},{""x"":272,""y"":406.33333587646484},{""x"":266,""y"":381.33333587646484},{""x"":260,""y"":377.33333587646484},{""x"":248,""y"":341.33333587646484},{""x"":234,""y"":366.33333587646484},{""x"":212,""y"":396.33333587646484},{""x"":194,""y"":423.33333587646484}],[{""x"":434,""y"":483.33333587646484},{""x"":422,""y"":481.33333587646484},{""x"":418,""y"":474.33333587646484},{""x"":418,""y"":469.33333587646484},{""x"":430,""y"":468.33333587646484},{""x"":438,""y"":466.33333587646484},{""x"":444,""y"":459.33333587646484},{""x"":446,""y"":453.33333587646484},{""x"":447,""y"":416.33333587646484},{""x"":440,""y"":411.33333587646484},{""x"":438,""y"":404.33333587646484},{""x"":436,""y"":339.33333587646484},{""x"":432,""y"":342.33333587646484},{""x"":424,""y"":337.33333587646484},{""x"":424,""y"":331.33333587646484},{""x"":430,""y"":321.33333587646484},{""x"":436,""y"":316.33333587646484},{""x"":440,""y"":287.33333587646484},{""x"":441,""y"":271.33333587646484},{""x"":438,""y"":267.33333587646484},{""x"":441,""y"":248.33333587646484},{""x"":441,""y"":233.33333587646484},{""x"":445,""y"":222.33333587646484},{""x"":440,""y"":220.33333587646484},{""x"":438,""y"":213.33333587646484},{""x"":436,""y"":205.33333587646484},{""x"":434,""y"":199.33333587646484},{""x"":432,""y"":188.33333587646484},{""x"":432,""y"":181.33333587646484},{""x"":447,""y"":170.33333587646484},{""x"":459,""y"":169.33333587646484},{""x"":470,""y"":178.33333587646484},{""x"":471,""y"":201.33333587646484},{""x"":472,""y"":209.33333587646484},{""x"":482,""y"":219.33333587646484},{""x"":496,""y"":228.33333587646484},{""x"":502,""y"":237.33333587646484},{""x"":504,""y"":281.33333587646484},{""x"":504,""y"":311.33333587646484},{""x"":506,""y"":347.33333587646484},{""x"":497,""y"":344.33333587646484},{""x"":501,""y"":356.33333587646484},{""x"":503,""y"":359.33333587646484},{""x"":493,""y"":367.33333587646484},{""x"":484,""y"":367.33333587646484},{""x"":481,""y"":390.33333587646484},{""x"":484,""y"":400.33333587646484},{""x"":508,""y"":422.33333587646484},{""x"":522,""y"":435.33333587646484},{""x"":532,""y"":436.33333587646484},{""x"":536,""y"":446.33333587646484},{""x"":533,""y"":470.33333587646484},{""x"":524,""y"":485.33333587646484},{""x"":514,""y"":488.33333587646484},{""x"":508,""y"":485.33333587646484},{""x"":509,""y"":471.33333587646484},{""x"":507,""y"":456.33333587646484},{""x"":492,""y"":441.33333587646484},{""x"":476,""y"":426.33333587646484},{""x"":478,""y"":449.33333587646484},{""x"":478,""y"":466.33333587646484},{""x"":471,""y"":469.33333587646484},{""x"":473,""y"":475.33333587646484},{""x"":472,""y"":482.33333587646484},{""x"":455,""y"":483.33333587646484},{""x"":445,""y"":481.33333587646484},{""x"":434,""y"":483.33333587646484}]]"
"3XJOUITW8VO7CMK2LTQDCJ6CJLWQT1","3U6C37VJ6W25QW4KXAJ3NZL4OYMN1X","Image Segmentation Pedestrians","Draw an outline around all pedestrians using points automatically linked by a line.","segmentation, pedestrian","$0.35","Mon Dec 10 08:58:48 PST 2018","3","BatchId:3466302;OriginalHitTemplateId:920937336;","360","172800","Fri Dec 14 08:58:48 PST 2018","","","3VJ40NV2QKK7EU5GWI3BCY7ZKDNOTL","A8TIL9U6YHG5","Approved","Mon Dec 10 09:22:43 PST 2018","Mon Dec 10 09:27:55 PST 2018","Wed Dec 12 09:27:55 PST 2018","2018-12-12 17:28:15 UTC","","","312","100% (1/1)","100% (1/1)","100% (1/1)","https://s3.ca-central-1.amazonaws.com/maxsmturktest/FudanPed00001.png","{}","[[{""x"":214,""y"":190},{""x"":214,""y"":202},{""x"":218,""y"":211},{""x"":227,""y"":222},{""x"":231,""y"":218},{""x"":235,""y"":225},{""x"":233,""y"":242},{""x"":231,""y"":274},{""x"":231,""y"":281},{""x"":218,""y"":290},{""x"":208,""y"":299},{""x"":208,""y"":305},{""x"":214,""y"":307},{""x"":227,""y"":300},{""x"":232,""y"":295},{""x"":230,""y"":304},{""x"":224,""y"":316},{""x"":209,""y"":350},{""x"":202,""y"":369},{""x"":196,""y"":382},{""x"":183,""y"":396},{""x"":179,""y"":397},{""x"":164,""y"":396},{""x"":160,""y"":393},{""x"":159,""y"":400},{""x"":166,""y"":408},{""x"":184,""y"":420},{""x"":191,""y"":423},{""x"":196,""y"":417},{""x"":213,""y"":391},{""x"":237,""y"":359},{""x"":247,""y"":340},{""x"":253,""y"":365},{""x"":261,""y"":378},{""x"":268,""y"":395},{""x"":276,""y"":414},{""x"":259,""y"":422},{""x"":263,""y"":428},{""x"":281,""y"":430},{""x"":299,""y"":425},{""x"":303,""y"":419},{""x"":296,""y"":397},{""x"":269,""y"":322},{""x"":276,""y"":320},{""x"":272,""y"":285},{""x"":271,""y"":252},{""x"":266,""y"":229},{""x"":250,""y"":214},{""x"":243,""y"":206},{""x"":250,""y"":201},{""x"":249,""y"":192},{""x"":240,""y"":179},{""x"":227,""y"":176},{""x"":215,""y"":188}],[{""x"":428,""y"":186},{""x"":433,""y"":208},{""x"":441,""y"":221},{""x"":450,""y"":218},{""x"":450,""y"":226},{""x"":447,""y"":228},{""x"":440,""y"":247},{""x"":440,""y"":270},{""x"":444,""y"":276},{""x"":438,""y"":296},{""x"":438,""y"":301},{""x"":425,""y"":333},{""x"":427,""y"":344},{""x"":434,""y"":341},{""x"":435,""y"":363},{""x"":437,""y"":402},{""x"":442,""y"":417},{""x"":446,""y"":420},{""x"":451,""y"":459},{""x"":441,""y"":468},{""x"":422,""y"":472},{""x"":423,""y"":478},{""x"":438,""y"":484},{""x"":454,""y"":483},{""x"":474,""y"":480},{""x"":476,""y"":440},{""x"":477,""y"":429},{""x"":490,""y"":440},{""x"":510,""y"":462},{""x"":512,""y"":485},{""x"":512,""y"":484},{""x"":516,""y"":485},{""x"":528,""y"":482},{""x"":530,""y"":465},{""x"":531,""y"":448},{""x"":533,""y"":442},{""x"":520,""y"":437},{""x"":505,""y"":417},{""x"":477,""y"":393},{""x"":488,""y"":367},{""x"":498,""y"":359},{""x"":500,""y"":346},{""x"":506,""y"":347},{""x"":504,""y"":292},{""x"":503,""y"":246},{""x"":497,""y"":232},{""x"":470,""y"":205},{""x"":474,""y"":192},{""x"":469,""y"":175},{""x"":456,""y"":171},{""x"":436,""y"":172},{""x"":427,""y"":185}]]"
"3XJOUITW8VO7CMK2LTQDCJ6CJLWQT1","3U6C37VJ6W25QW4KXAJ3NZL4OYMN1X","Image Segmentation Pedestrians","Draw an outline around all pedestrians using points automatically linked by a line.","segmentation, pedestrian","$0.35","Mon Dec 10 08:58:48 PST 2018","3","BatchId:3466302;OriginalHitTemplateId:920937336;","360","172800","Fri Dec 14 08:58:48 PST 2018","","","3YWRV122CUWJTFXPP64PK831OMP8US","AX8EX2QI5HIQQ","Approved","Mon Dec 10 09:16:17 PST 2018","Mon Dec 10 09:19:18 PST 2018","Wed Dec 12 09:19:18 PST 2018","2018-12-12 17:20:13 UTC","","","181","100% (1/1)","100% (1/1)","100% (1/1)","https://s3.ca-central-1.amazonaws.com/maxsmturktest/FudanPed00001.png","{}","[[{""x"":469,""y"":179},{""x"":471,""y"":203},{""x"":474,""y"":212},{""x"":500,""y"":236},{""x"":502,""y"":286},{""x"":504,""y"":345},{""x"":496,""y"":344},{""x"":501,""y"":360},{""x"":490,""y"":367},{""x"":484,""y"":364},{""x"":480,""y"":392},{""x"":517,""y"":434},{""x"":527,""y"":437},{""x"":534,""y"":441},{""x"":530,""y"":474},{""x"":520,""y"":486},{""x"":508,""y"":486},{""x"":509,""y"":457},{""x"":474,""y"":429},{""x"":476,""y"":466},{""x"":472,""y"":468},{""x"":468,""y"":483},{""x"":424,""y"":482},{""x"":417,""y"":471},{""x"":448,""y"":458},{""x"":444,""y"":417},{""x"":438,""y"":408},{""x"":435,""y"":340},{""x"":424,""y"":340},{""x"":424,""y"":332},{""x"":432,""y"":321},{""x"":440,""y"":276},{""x"":437,""y"":270},{""x"":440,""y"":232},{""x"":447,""y"":224},{""x"":442,""y"":220},{""x"":437,""y"":213},{""x"":433,""y"":206},{""x"":430,""y"":201},{""x"":431,""y"":193},{""x"":435,""y"":180},{""x"":443,""y"":172},{""x"":455,""y"":171}],[{""x"":216,""y"":188},{""x"":234,""y"":180},{""x"":248,""y"":192},{""x"":248,""y"":207},{""x"":253,""y"":216},{""x"":268,""y"":240},{""x"":274,""y"":316},{""x"":268,""y"":322},{""x"":293,""y"":387},{""x"":301,""y"":424},{""x"":291,""y"":426},{""x"":259,""y"":428},{""x"":258,""y"":422},{""x"":274,""y"":416},{""x"":266,""y"":382},{""x"":259,""y"":379},{""x"":248,""y"":342},{""x"":193,""y"":421},{""x"":171,""y"":409},{""x"":159,""y"":399},{""x"":164,""y"":396},{""x"":179,""y"":400},{""x"":198,""y"":380},{""x"":200,""y"":365},{""x"":208,""y"":350},{""x"":223,""y"":319},{""x"":227,""y"":311},{""x"":229,""y"":299},{""x"":219,""y"":306},{""x"":210,""y"":307},{""x"":210,""y"":300},{""x"":225,""y"":286},{""x"":232,""y"":280},{""x"":232,""y"":233},{""x"":231,""y"":222},{""x"":220,""y"":216},{""x"":216,""y"":208},{""x"":215,""y"":197}]]"
"3IV1AEQ4DSA7SFO1N5V9OMY3RDK8J4","3U6C37VJ6W25QW4KXAJ3NZL4OYMN1X","Image Segmentation Pedestrians","Draw an outline around all pedestrians using points automatically linked by a line.","segmentation, pedestrian","$0.35","Mon Dec 10 08:58:48 PST 2018","3","BatchId:3466302;OriginalHitTemplateId:920937336;","360","172800","Fri Dec 14 08:58:48 PST 2018","","","3TYCR1GOTEGVULBIPIC1654MA49LZM","A289DF24X3Q8JZ","Approved","Mon Dec 10 09:42:52 PST 2018","Mon Dec 10 09:47:46 PST 2018","Wed Dec 12 09:47:46 PST 2018","2018-12-12 17:48:14 UTC","","","294","100% (1/1)","100% (1/1)","100% (1/1)","https://s3.ca-central-1.amazonaws.com/maxsmturktest/FudanPed00002.png","{}","[[{""x"":149,""y"":305.2857141494751},{""x"":151,""y"":318.2857141494751},{""x"":144,""y"":338.2857141494751},{""x"":137,""y"":350.2857141494751},{""x"":124,""y"":352.2857141494751},{""x"":132,""y"":365.2857141494751},{""x"":158,""y"":368.2857141494751},{""x"":166,""y"":360.2857141494751},{""x"":166,""y"":351.2857141494751},{""x"":152,""y"":294.2857141494751}],[{""x"":170,""y"":298.2857141494751},{""x"":180,""y"":283.2857141494751},{""x"":178,""y"":266.2857141494751},{""x"":184,""y"":303.2857141494751},{""x"":190,""y"":314.2857141494751},{""x"":193,""y"":332.2857141494751},{""x"":196,""y"":351.2857141494751},{""x"":192,""y"":362.2857141494751},{""x"":187,""y"":363.2857141494751},{""x"":191,""y"":372.2857141494751},{""x"":209,""y"":371.2857141494751},{""x"":224,""y"":371.2857141494751},{""x"":222,""y"":364.2857141494751},{""x"":223,""y"":362.2857141494751},{""x"":222,""y"":351.2857141494751},{""x"":202,""y"":301.2857141494751},{""x"":200,""y"":293.8571319580078},{""x"":194,""y"":256.8571319580078},{""x"":194,""y"":250.8571319580078},{""x"":197,""y"":245.8571319580078},{""x"":192,""y"":195.8571319580078},{""x"":191,""y"":166.8571319580078},{""x"":191,""y"":146.8571319580078},{""x"":183,""y"":136.8571319580078},{""x"":178,""y"":116.85713195800781},{""x"":176,""y"":106.85713195800781},{""x"":160,""y"":99.85713195800781},{""x"":150,""y"":98.85713195800781},{""x"":154,""y"":108.85713195800781},{""x"":154,""y"":116.85713195800781},{""x"":152,""y"":127.85713195800781},{""x"":153,""y"":134.8571319580078},{""x"":160,""y"":145.8571319580078},{""x"":166,""y"":154.8571319580078},{""x"":172,""y"":172.8571319580078},{""x"":179,""y"":181.8571319580078},{""x"":181,""y"":193.8571319580078},{""x"":185,""y"":204.8571319580078},{""x"":183,""y"":215.8571319580078},{""x"":177,""y"":235.8571319580078},{""x"":176,""y"":238.8571319580078},{""x"":178,""y"":264.8571319580078}],[{""x"":112,""y"":99.85713195800781},{""x"":116,""y"":112.85713195800781},{""x"":113,""y"":116.85713195800781},{""x"":117,""y"":123.85713195800781},{""x"":118,""y"":132.8571319580078},{""x"":124,""y"":135.8571319580078},{""x"":130,""y"":141.8571319580078},{""x"":130,""y"":151.8571319580078},{""x"":122,""y"":162.8571319580078},{""x"":121,""y"":172.8571319580078},{""x"":122,""y"":186.8571319580078},{""x"":125,""y"":206.8571319580078},{""x"":124,""y"":222.8571319580078},{""x"":126,""y"":228.8571319580078},{""x"":102,""y"":275.8571319580078},{""x"":101,""y"":277.8571319580078},{""x"":102,""y"":288.8571319580078},{""x"":104,""y"":306.8571319580078},{""x"":101,""y"":320.8571319580078},{""x"":100,""y"":334.8571319580078},{""x"":97,""y"":350.8571319580078},{""x"":89,""y"":357.8571319580078},{""x"":74,""y"":363.8571319580078},{""x"":69,""y"":364.8571319580078},{""x"":65,""y"":368.8571319580078},{""x"":70,""y"":372.1428527832031},{""x"":77,""y"":379.1428527832031},{""x"":88,""y"":377.1428527832031},{""x"":96,""y"":376.1428527832031},{""x"":105,""y"":380.1428527832031},{""x"":110,""y"":376.1428527832031},{""x"":113,""y"":370.1428527832031},{""x"":109,""y"":362.1428527832031},{""x"":109,""y"":354.1428527832031},{""x"":112,""y"":342.1428527832031},{""x"":119,""y"":327.1428527832031},{""x"":120,""y"":315.1428527832031},{""x"":120,""y"":297.1428527832031},{""x"":122,""y"":292.1428527832031},{""x"":126,""y"":287.1428527832031},{""x"":145,""y"":285.1428527832031},{""x"":148,""y"":297.1428527832031},{""x"":153,""y"":307.1428527832031},{""x"":158,""y"":323.1428527832031},{""x"":163,""y"":338.1428527832031},{""x"":169,""y"":350.1428527832031},{""x"":165,""y"":365.1428527832031},{""x"":154,""y"":374.1428527832031},{""x"":147,""y"":374.1428527832031},{""x"":146,""y"":380.1428527832031},{""x"":161,""y"":380.1428527832031},{""x"":174,""y"":379.1428527832031},{""x"":181,""y"":381.1428527832031},{""x"":190,""y"":379.1428527832031},{""x"":189,""y"":368.1428527832031},{""x"":186,""y"":358.1428527832031},{""x"":181,""y"":329.1428527832031},{""x"":177,""y"":314.1428527832031},{""x"":172,""y"":305.1428527832031},{""x"":166,""y"":287.1428527832031},{""x"":173,""y"":285.1428527832031},{""x"":177,""y"":283.1428527832031},{""x"":177,""y"":261.1428527832031},{""x"":176,""y"":245.14285278320312},{""x"":174,""y"":225.14285278320312},{""x"":173,""y"":215.14285278320312},{""x"":182,""y"":209.14285278320312},{""x"":179,""y"":195.14285278320312},{""x"":172,""y"":177.14285278320312},{""x"":169,""y"":166.14285278320312},{""x"":164,""y"":155.14285278320312},{""x"":158,""y"":145.14285278320312},{""x"":154,""y"":134.14285278320312},{""x"":150,""y"":125.14285278320312},{""x"":153,""y"":108.14285278320312},{""x"":149,""y"":100.14285278320312},{""x"":142,""y"":92.14285278320312},{""x"":133,""y"":91.14285278320312},{""x"":126,""y"":93.14285278320312},{""x"":121,""y"":97.14285278320312},{""x"":117,""y"":97.14285278320312}]]"
"3IV1AEQ4DSA7SFO1N5V9OMY3RDK8J4","3U6C37VJ6W25QW4KXAJ3NZL4OYMN1X","Image Segmentation Pedestrians","Draw an outline around all pedestrians using points automatically linked by a line.","segmentation, pedestrian","$0.35","Mon Dec 10 08:58:48 PST 2018","3","BatchId:3466302;OriginalHitTemplateId:920937336;","360","172800","Fri Dec 14 08:58:48 PST 2018","","","31N2WW6R9TN890UTI0EU7RUNYGMF3I","A2UTHXLZL8TNBK","Submitted","Mon Dec 10 18:18:34 PST 2018","Mon Dec 10 18:20:13 PST 2018","Wed Dec 12 18:20:13 PST 2018","","","","99","0% (0/0)","0% (0/0)","0% (0/0)","https://s3.ca-central-1.amazonaws.com/maxsmturktest/FudanPed00002.png","{}","[[{""x"":154,""y"":100.80000114440918},{""x"":164,""y"":99.80000114440918},{""x"":175,""y"":100.80000114440918},{""x"":180,""y"":116.80000114440918},{""x"":181,""y"":132.80000114440918},{""x"":192,""y"":148.80000114440918},{""x"":202,""y"":165.80000114440918},{""x"":214,""y"":175.80000114440918},{""x"":224,""y"":193.80000114440918},{""x"":229,""y"":214.80000114440918},{""x"":225,""y"":241.80000114440918},{""x"":213,""y"":249.80000114440918},{""x"":203,""y"":253.80000114440918},{""x"":195,""y"":253.80000114440918},{""x"":200,""y"":277.8000011444092},{""x"":203,""y"":298.8000011444092},{""x"":215,""y"":320.8000011444092},{""x"":226,""y"":361.8000011444092},{""x"":221,""y"":373.8000011444092},{""x"":191,""y"":371.8000011444092},{""x"":188,""y"":364.8000011444092},{""x"":196,""y"":356.8000011444092},{""x"":192,""y"":330.8000011444092},{""x"":188,""y"":313.8000011444092},{""x"":182,""y"":296.8000011444092},{""x"":177,""y"":287.8000011444092},{""x"":173,""y"":295.8000011444092},{""x"":171,""y"":364.8000011444092},{""x"":158,""y"":367.8000011444092},{""x"":131,""y"":364.8000011444092},{""x"":127,""y"":352.8000011444092},{""x"":136,""y"":352.8000011444092},{""x"":150,""y"":337.8000011444092},{""x"":151,""y"":306.8000011444092},{""x"":162,""y"":281.8000011444092},{""x"":173,""y"":236.80000114440918},{""x"":184,""y"":216.80000114440918},{""x"":180,""y"":197.80000114440918},{""x"":172,""y"":174.80000114440918},{""x"":165,""y"":149.80000114440918},{""x"":154,""y"":136.80000114440918},{""x"":151,""y"":117.80000114440918},{""x"":151,""y"":102.80000114440918},{""x"":152,""y"":99.80000114440918}],[{""x"":116,""y"":98.80000114440918},{""x"":124,""y"":93.80000114440918},{""x"":132,""y"":90.80000114440918},{""x"":145,""y"":92.80000114440918},{""x"":155,""y"":101.80000114440918},{""x"":152,""y"":120.80000114440918},{""x"":156,""y"":140.80000114440918},{""x"":167,""y"":160.80000114440918},{""x"":175,""y"":183.80000114440918},{""x"":181,""y"":214.80000114440918},{""x"":183,""y"":233.80000114440918},{""x"":178,""y"":240.80000114440918},{""x"":180,""y"":282.8000011444092},{""x"":169,""y"":288.8000011444092},{""x"":181,""y"":336.8000011444092},{""x"":191,""y"":377.8000011444092},{""x"":186,""y"":384.8000011444092},{""x"":176,""y"":379.8000011444092},{""x"":147,""y"":376.8000011444092},{""x"":162,""y"":366.8000011444092},{""x"":166,""y"":360.8000011444092},{""x"":168,""y"":345.8000011444092},{""x"":156,""y"":316.8000011444092},{""x"":152,""y"":295.8000011444092},{""x"":148,""y"":285.8000011444092},{""x"":125,""y"":287.8000011444092},{""x"":124,""y"":312.8000011444092},{""x"":115,""y"":340.8000011444092},{""x"":112,""y"":356.8000011444092},{""x"":112,""y"":365.8000011444092},{""x"":112,""y"":379.8000011444092},{""x"":105,""y"":382.8000011444092},{""x"":97,""y"":378.8000011444092},{""x"":84,""y"":378.8000011444092},{""x"":72,""y"":376.8000011444092},{""x"":66,""y"":366.8000011444092},{""x"":76,""y"":364.8000011444092},{""x"":92,""y"":356.8000011444092},{""x"":101,""y"":338.8000011444092},{""x"":101,""y"":304.8000011444092},{""x"":104,""y"":283.8000011444092},{""x"":104,""y"":270.8000011444092},{""x"":115,""y"":250.80000114440918},{""x"":123,""y"":234.80000114440918},{""x"":124,""y"":221.80000114440918},{""x"":122,""y"":201.80000114440918},{""x"":122,""y"":177.80000114440918},{""x"":123,""y"":164.80000114440918},{""x"":126,""y"":146.80000114440918},{""x"":126,""y"":141.80000114440918},{""x"":124,""y"":135.80000114440918},{""x"":115,""y"":133.80000114440918},{""x"":112,""y"":116.80000114440918},{""x"":112,""y"":109.80000114440918},{""x"":115,""y"":98.80000114440918}]]"
"3IV1AEQ4DSA7SFO1N5V9OMY3RDK8J4","3U6C37VJ6W25QW4KXAJ3NZL4OYMN1X","Image Segmentation Pedestrians","Draw an outline around all pedestrians using points automatically linked by a line.","segmentation, pedestrian","$0.35","Mon Dec 10 08:58:48 PST 2018","3","BatchId:3466302;OriginalHitTemplateId:920937336;","360","172800","Fri Dec 14 08:58:48 PST 2018","","","37FMASSAYEOXMM0WY1ZLS75R2XKIBQ","A3N5P5VO81FIJ6","Approved","Mon Dec 10 09:07:26 PST 2018","Mon Dec 10 09:11:19 PST 2018","Wed Dec 12 09:11:19 PST 2018","2018-12-12 17:12:13 UTC","","","233","100% (3/3)","100% (3/3)","100% (3/3)","https://s3.ca-central-1.amazonaws.com/maxsmturktest/FudanPed00002.png","{}","[[{""x"":94,""y"":375},{""x"":83,""y"":375},{""x"":72,""y"":372},{""x"":67,""y"":368},{""x"":69,""y"":364},{""x"":80,""y"":362},{""x"":89,""y"":358},{""x"":93,""y"":354},{""x"":100,""y"":337},{""x"":102,""y"":311},{""x"":103,""y"":292},{""x"":104,""y"":286},{""x"":106,""y"":277},{""x"":104,""y"":276},{""x"":116,""y"":250},{""x"":127,""y"":228},{""x"":126,""y"":218},{""x"":124,""y"":198},{""x"":122,""y"":186},{""x"":120,""y"":175},{""x"":123,""y"":166},{""x"":126,""y"":158},{""x"":128,""y"":146},{""x"":128,""y"":136},{""x"":120,""y"":134},{""x"":118,""y"":125},{""x"":114,""y"":120},{""x"":116,""y"":114},{""x"":116,""y"":103},{""x"":118,""y"":98},{""x"":134,""y"":92},{""x"":148,""y"":95},{""x"":152,""y"":104},{""x"":153,""y"":117},{""x"":150,""y"":130},{""x"":147,""y"":133},{""x"":155,""y"":139},{""x"":164,""y"":154},{""x"":174,""y"":174},{""x"":178,""y"":192},{""x"":180,""y"":210},{""x"":182,""y"":220},{""x"":181,""y"":233},{""x"":176,""y"":240},{""x"":180,""y"":280},{""x"":169,""y"":286},{""x"":170,""y"":297},{""x"":178,""y"":313},{""x"":182,""y"":332},{""x"":184,""y"":351},{""x"":189,""y"":366},{""x"":191,""y"":374},{""x"":188,""y"":381},{""x"":176,""y"":379},{""x"":167,""y"":379},{""x"":158,""y"":379},{""x"":147,""y"":378},{""x"":148,""y"":374},{""x"":158,""y"":369},{""x"":167,""y"":361},{""x"":170,""y"":352},{""x"":165,""y"":336},{""x"":158,""y"":314},{""x"":152,""y"":302},{""x"":148,""y"":296},{""x"":150,""y"":286},{""x"":134,""y"":286},{""x"":128,""y"":286},{""x"":122,""y"":295},{""x"":122,""y"":308},{""x"":118,""y"":330},{""x"":111,""y"":346},{""x"":111,""y"":356},{""x"":114,""y"":366},{""x"":114,""y"":376},{""x"":108,""y"":380}],[{""x"":191,""y"":362},{""x"":196,""y"":357},{""x"":195,""y"":342},{""x"":192,""y"":320},{""x"":192,""y"":314},{""x"":182,""y"":296},{""x"":180,""y"":282},{""x"":182,""y"":279},{""x"":179,""y"":238},{""x"":186,""y"":227},{""x"":180,""y"":194},{""x"":176,""y"":174},{""x"":166,""y"":152},{""x"":158,""y"":138},{""x"":151,""y"":134},{""x"":156,""y"":118},{""x"":154,""y"":107},{""x"":154,""y"":102},{""x"":162,""y"":98},{""x"":174,""y"":102},{""x"":180,""y"":116},{""x"":182,""y"":130},{""x"":185,""y"":138},{""x"":193,""y"":148},{""x"":204,""y"":163},{""x"":213,""y"":174},{""x"":219,""y"":190},{""x"":226,""y"":203},{""x"":230,""y"":220},{""x"":228,""y"":234},{""x"":218,""y"":244},{""x"":206,""y"":245},{""x"":203,""y"":254},{""x"":197,""y"":248},{""x"":197,""y"":258},{""x"":200,""y"":282},{""x"":207,""y"":304},{""x"":217,""y"":329},{""x"":224,""y"":358},{""x"":226,""y"":364},{""x"":222,""y"":372},{""x"":201,""y"":372},{""x"":192,""y"":372}],[{""x"":129,""y"":354},{""x"":141,""y"":353},{""x"":146,""y"":344},{""x"":148,""y"":340},{""x"":148,""y"":333},{""x"":153,""y"":307},{""x"":165,""y"":336},{""x"":170,""y"":352},{""x"":166,""y"":360},{""x"":159,""y"":363},{""x"":147,""y"":362},{""x"":134,""y"":360}]]"
"3ZLW647WAMSLLMKN43ULYO4B9G632K","3U6C37VJ6W25QW4KXAJ3NZL4OYMN1X","Image Segmentation Pedestrians","Draw an outline around all pedestrians using points automatically linked by a line.","segmentation, pedestrian","$0.35","Mon Dec 10 08:58:48 PST 2018","3","BatchId:3466302;OriginalHitTemplateId:920937336;","360","172800","Fri Dec 14 08:58:48 PST 2018","","","3W2LOLRXLDCB8O79U16N52P8CQKKRU","A2UTHXLZL8TNBK","Submitted","Mon Dec 10 18:24:19 PST 2018","Mon Dec 10 18:25:48 PST 2018","Wed Dec 12 18:25:48 PST 2018","","","","89","0% (0/0)","0% (0/0)","0% (0/0)","https://s3.ca-central-1.amazonaws.com/maxsmturktest/FudanPed00005.png","{}","[[{""x"":185,""y"":189},{""x"":199,""y"":179},{""x"":208,""y"":156},{""x"":225,""y"":133},{""x"":228,""y"":114},{""x"":233,""y"":102},{""x"":234,""y"":100},{""x"":228,""y"":91},{""x"":228,""y"":76},{""x"":228,""y"":60},{""x"":235,""y"":54},{""x"":244,""y"":51},{""x"":252,""y"":52},{""x"":256,""y"":63},{""x"":259,""y"":76},{""x"":267,""y"":95},{""x"":275,""y"":116},{""x"":278,""y"":151},{""x"":280,""y"":186},{""x"":276,""y"":198},{""x"":274,""y"":219},{""x"":279,""y"":239},{""x"":280,""y"":252},{""x"":294,""y"":268},{""x"":307,""y"":300},{""x"":320,""y"":312},{""x"":321,""y"":328},{""x"":313,""y"":325},{""x"":304,""y"":336},{""x"":289,""y"":336},{""x"":280,""y"":332},{""x"":293,""y"":324},{""x"":293,""y"":309},{""x"":282,""y"":287},{""x"":265,""y"":267},{""x"":238,""y"":261},{""x"":232,""y"":283},{""x"":231,""y"":301},{""x"":228,""y"":320},{""x"":200,""y"":315},{""x"":193,""y"":306},{""x"":207,""y"":302},{""x"":215,""y"":296},{""x"":220,""y"":272},{""x"":220,""y"":249},{""x"":218,""y"":234},{""x"":223,""y"":223},{""x"":235,""y"":204},{""x"":236,""y"":193},{""x"":230,""y"":163},{""x"":215,""y"":188},{""x"":204,""y"":192},{""x"":202,""y"":202},{""x"":202,""y"":208},{""x"":188,""y"":208},{""x"":185,""y"":200}],[{""x"":10,""y"":52},{""x"":19,""y"":58},{""x"":25,""y"":67},{""x"":35,""y"":76},{""x"":36,""y"":89},{""x"":35,""y"":104},{""x"":39,""y"":113},{""x"":43,""y"":122},{""x"":40,""y"":129},{""x"":31,""y"":134},{""x"":39,""y"":156},{""x"":21,""y"":159},{""x"":22,""y"":152},{""x"":14,""y"":139},{""x"":11,""y"":142},{""x"":5,""y"":120},{""x"":7,""y"":105},{""x"":7,""y"":88},{""x"":7,""y"":75},{""x"":1,""y"":64},{""x"":2,""y"":58},{""x"":6,""y"":53},{""x"":10,""y"":51}]]"
"3ZLW647WAMSLLMKN43ULYO4B9G632K","3U6C37VJ6W25QW4KXAJ3NZL4OYMN1X","Image Segmentation Pedestrians","Draw an outline around all pedestrians using points automatically linked by a line.","segmentation, pedestrian","$0.35","Mon Dec 10 08:58:48 PST 2018","3","BatchId:3466302;OriginalHitTemplateId:920937336;","360","172800","Fri Dec 14 08:58:48 PST 2018","","","3KAKFY4PGWZSJRWJJ8KFAO7FE5A3IN","A3N5P5VO81FIJ6","Approved","Mon Dec 10 09:15:57 PST 2018","Mon Dec 10 09:18:47 PST 2018","Wed Dec 12 09:18:47 PST 2018","2018-12-12 17:19:15 UTC","","","170","100% (3/3)","100% (3/3)","100% (3/3)","https://s3.ca-central-1.amazonaws.com/maxsmturktest/FudanPed00005.png","{}","[[{""x"":196,""y"":306},{""x"":208,""y"":304},{""x"":215,""y"":296},{""x"":220,""y"":287},{""x"":221,""y"":248},{""x"":218,""y"":245},{""x"":219,""y"":235},{""x"":227,""y"":216},{""x"":234,""y"":200},{""x"":236,""y"":193},{""x"":230,""y"":162},{""x"":214,""y"":187},{""x"":204,""y"":186},{""x"":201,""y"":194},{""x"":206,""y"":204},{""x"":192,""y"":206},{""x"":190,""y"":206},{""x"":186,""y"":194},{""x"":190,""y"":185},{""x"":202,""y"":174},{""x"":214,""y"":149},{""x"":226,""y"":130},{""x"":227,""y"":119},{""x"":232,""y"":106},{""x"":236,""y"":100},{""x"":238,""y"":98},{""x"":237,""y"":94},{""x"":232,""y"":94},{""x"":230,""y"":86},{""x"":228,""y"":76},{""x"":229,""y"":62},{""x"":235,""y"":55},{""x"":247,""y"":52},{""x"":258,""y"":55},{""x"":262,""y"":68},{""x"":262,""y"":78},{""x"":261,""y"":85},{""x"":268,""y"":96},{""x"":274,""y"":112},{""x"":277,""y"":133},{""x"":280,""y"":146},{""x"":278,""y"":160},{""x"":280,""y"":189},{""x"":275,""y"":187},{""x"":274,""y"":221},{""x"":278,""y"":232},{""x"":280,""y"":245},{""x"":280,""y"":253},{""x"":288,""y"":261},{""x"":298,""y"":278},{""x"":306,""y"":298},{""x"":313,""y"":304},{""x"":320,""y"":312},{""x"":318,""y"":319},{""x"":320,""y"":326},{""x"":312,""y"":319},{""x"":308,""y"":330},{""x"":302,""y"":338},{""x"":295,""y"":338},{""x"":281,""y"":330},{""x"":291,""y"":328},{""x"":296,""y"":323},{""x"":296,""y"":313},{""x"":286,""y"":291},{""x"":274,""y"":275},{""x"":269,""y"":266},{""x"":244,""y"":262},{""x"":240,""y"":258},{""x"":235,""y"":278},{""x"":229,""y"":296},{""x"":231,""y"":302},{""x"":232,""y"":310},{""x"":230,""y"":318},{""x"":226,""y"":318},{""x"":226,""y"":312},{""x"":220,""y"":312},{""x"":214,""y"":314},{""x"":205,""y"":313}],[{""x"":19,""y"":156},{""x"":25,""y"":153},{""x"":18,""y"":133},{""x"":12,""y"":140},{""x"":5,""y"":126},{""x"":7,""y"":106},{""x"":8,""y"":92},{""x"":8,""y"":84},{""x"":8,""y"":74},{""x"":8,""y"":70},{""x"":1,""y"":64},{""x"":9,""y"":55},{""x"":10,""y"":51},{""x"":16,""y"":51},{""x"":18,""y"":59},{""x"":21,""y"":62},{""x"":26,""y"":66},{""x"":32,""y"":73},{""x"":36,""y"":82},{""x"":33,""y"":87},{""x"":33,""y"":100},{""x"":32,""y"":106},{""x"":28,""y"":108},{""x"":26,""y"":114},{""x"":32,""y"":136},{""x"":38,""y"":154},{""x"":36,""y"":158}]]"
"3ZLW647WAMSLLMKN43ULYO4B9G632K","3U6C37VJ6W25QW4KXAJ3NZL4OYMN1X","Image Segmentation Pedestrians","Draw an outline around all pedestrians using points automatically linked by a line.","segmentation, pedestrian","$0.35","Mon Dec 10 08:58:48 PST 2018","3","BatchId:3466302;OriginalHitTemplateId:920937336;","360","172800","Fri Dec 14 08:58:48 PST 2018","","","3OB0CAO74JMT3ZIN2BVK062DNYLYH0","AAC5XT7UY7B2K","Submitted","Mon Dec 10 22:34:26 PST 2018","Mon Dec 10 22:39:56 PST 2018","Wed Dec 12 22:39:56 PST 2018","","","","330","0% (0/0)","0% (0/0)","0% (0/0)","https://s3.ca-central-1.amazonaws.com/maxsmturktest/FudanPed00005.png","{}","[[{""x"":229,""y"":63.80000305175781},{""x"":229,""y"":72.80000305175781},{""x"":230,""y"":79.80000305175781},{""x"":228,""y"":83.80000305175781},{""x"":229,""y"":87.80000305175781},{""x"":232,""y"":95.80000305175781},{""x"":236,""y"":95.80000305175781},{""x"":238,""y"":95.80000305175781},{""x"":239,""y"":101.80000305175781},{""x"":232,""y"":105.80000305175781},{""x"":228,""y"":115.80000305175781},{""x"":226,""y"":123.80000305175781},{""x"":226,""y"":128.8000030517578},{""x"":220,""y"":140.8000030517578},{""x"":221,""y"":137.8000030517578},{""x"":215,""y"":148.8000030517578},{""x"":210,""y"":156.8000030517578},{""x"":206,""y"":167.8000030517578},{""x"":198,""y"":179.8000030517578},{""x"":194,""y"":185.8000030517578},{""x"":187,""y"":189.8000030517578},{""x"":185,""y"":195.8000030517578},{""x"":188,""y"":198.8000030517578},{""x"":188,""y"":209.8000030517578},{""x"":194,""y"":206.8000030517578},{""x"":198,""y"":204.8000030517578},{""x"":204,""y"":205.8000030517578},{""x"":201,""y"":197.8000030517578},{""x"":200,""y"":193.8000030517578},{""x"":203,""y"":186.8000030517578},{""x"":206,""y"":186.8000030517578},{""x"":212,""y"":189.8000030517578},{""x"":222,""y"":173.8000030517578},{""x"":229,""y"":161.8000030517578},{""x"":232,""y"":168.8000030517578},{""x"":235,""y"":179.8000030517578},{""x"":235,""y"":184.8000030517578},{""x"":236,""y"":192.8000030517578},{""x"":236,""y"":199.8000030517578},{""x"":231,""y"":205.8000030517578},{""x"":226,""y"":216.8000030517578},{""x"":224,""y"":225.8000030517578},{""x"":220,""y"":234.8000030517578},{""x"":218,""y"":245.8000030517578},{""x"":220,""y"":255.8000030517578},{""x"":220,""y"":269.8000030517578},{""x"":220,""y"":279.8000030517578},{""x"":218,""y"":287.8000030517578},{""x"":216,""y"":295.8000030517578},{""x"":215,""y"":299.8000030517578},{""x"":209,""y"":304.8000030517578},{""x"":202,""y"":305.8000030517578},{""x"":200,""y"":305.8000030517578},{""x"":195,""y"":305.8000030517578},{""x"":200,""y"":310.8000030517578},{""x"":206,""y"":313.8000030517578},{""x"":213,""y"":313.8000030517578},{""x"":218,""y"":311.8000030517578},{""x"":222,""y"":308.8000030517578},{""x"":226,""y"":312.8000030517578},{""x"":226,""y"":314.8000030517578},{""x"":228,""y"":315.8000030517578},{""x"":230,""y"":311.8000030517578},{""x"":230,""y"":307.8000030517578},{""x"":230,""y"":306.8000030517578},{""x"":231,""y"":299.8000030517578},{""x"":230,""y"":297.8000030517578},{""x"":230,""y"":290.8000030517578},{""x"":232,""y"":282.8000030517578},{""x"":235,""y"":272.8000030517578},{""x"":238,""y"":264.8000030517578},{""x"":238,""y"":256.8000030517578},{""x"":245,""y"":259.8000030517578},{""x"":255,""y"":263.8000030517578},{""x"":264,""y"":265.8000030517578},{""x"":270,""y"":266.8000030517578},{""x"":276,""y"":277.8000030517578},{""x"":280,""y"":285.8000030517578},{""x"":290,""y"":298.8000030517578},{""x"":295,""y"":305.8000030517578},{""x"":296,""y"":308.8000030517578},{""x"":296,""y"":313.8000030517578},{""x"":296,""y"":319.8000030517578},{""x"":295,""y"":323.8000030517578},{""x"":290,""y"":327.8000030517578},{""x"":284,""y"":329.8000030517578},{""x"":281,""y"":330.8000030517578},{""x"":292,""y"":335.8000030517578},{""x"":302,""y"":334.8000030517578},{""x"":306,""y"":331.8000030517578},{""x"":308,""y"":323.8000030517578},{""x"":310,""y"":321.8000030517578},{""x"":313,""y"":320.8000030517578},{""x"":318,""y"":326.8000030517578},{""x"":320,""y"":323.8000030517578},{""x"":318,""y"":316.8000030517578},{""x"":318,""y"":309.8000030517578},{""x"":312,""y"":303.8000030517578},{""x"":306,""y"":295.8000030517578},{""x"":298,""y"":284.8000030517578},{""x"":294,""y"":273.8000030517578},{""x"":291,""y"":265.8000030517578},{""x"":284,""y"":255.8000030517578},{""x"":280,""y"":250.8000030517578},{""x"":281,""y"":240.8000030517578},{""x"":278,""y"":231.8000030517578},{""x"":275,""y"":220.8000030517578},{""x"":275,""y"":213.8000030517578},{""x"":275,""y"":205.8000030517578},{""x"":276,""y"":189.8000030517578},{""x"":279,""y"":185.8000030517578},{""x"":277,""y"":169.8000030517578},{""x"":276,""y"":158.8000030517578},{""x"":278,""y"":153.8000030517578},{""x"":277,""y"":139.8000030517578},{""x"":276,""y"":128.8000030517578},{""x"":274,""y"":118.80000305175781},{""x"":272,""y"":110.80000305175781},{""x"":270,""y"":102.80000305175781},{""x"":260,""y"":87.80000305175781},{""x"":259,""y"":79.80000305175781},{""x"":260,""y"":71.80000305175781},{""x"":260,""y"":65.80000305175781},{""x"":258,""y"":58.80000305175781},{""x"":252,""y"":55.80000305175781},{""x"":244,""y"":53.80000305175781},{""x"":239,""y"":54.80000305175781},{""x"":234,""y"":57.80000305175781},{""x"":229,""y"":59.80000305175781},{""x"":229,""y"":60.80000305175781}],[{""x"":6,""y"":53.80000305175781},{""x"":12,""y"":51.80000305175781},{""x"":18,""y"":58.80000305175781},{""x"":23,""y"":63.80000305175781},{""x"":26,""y"":67.80000305175781},{""x"":33,""y"":74.80000305175781},{""x"":35,""y"":79.80000305175781},{""x"":34,""y"":85.80000305175781},{""x"":33,""y"":89.80000305175781},{""x"":33,""y"":94.80000305175781},{""x"":33,""y"":101.80000305175781},{""x"":32,""y"":105.80000305175781},{""x"":33,""y"":107.80000305175781},{""x"":41,""y"":115.80000305175781},{""x"":41,""y"":121.80000305175781},{""x"":41,""y"":123.80000305175781},{""x"":36,""y"":125.80000305175781},{""x"":30,""y"":126.80000305175781},{""x"":30,""y"":128.8000030517578},{""x"":33,""y"":139.8000030517578},{""x"":36,""y"":146.8000030517578},{""x"":38,""y"":152.8000030517578},{""x"":38,""y"":156.8000030517578},{""x"":30,""y"":157.8000030517578},{""x"":21,""y"":157.8000030517578},{""x"":19,""y"":155.8000030517578},{""x"":26,""y"":156.8000030517578},{""x"":25,""y"":149.8000030517578},{""x"":20,""y"":140.8000030517578},{""x"":17,""y"":133.8000030517578},{""x"":14,""y"":138.8000030517578},{""x"":13,""y"":140.8000030517578},{""x"":12,""y"":133.8000030517578},{""x"":13,""y"":121.80000305175781},{""x"":11,""y"":114.80000305175781},{""x"":8,""y"":105.80000305175781},{""x"":8,""y"":95.80000305175781},{""x"":8,""y"":87.80000305175781},{""x"":11,""y"":77.80000305175781},{""x"":8,""y"":67.80000305175781},{""x"":4,""y"":67.80000305175781},{""x"":1,""y"":66.80000305175781},{""x"":1,""y"":64.80000305175781},{""x"":1,""y"":59.80000305175781},{""x"":5,""y"":57.80000305175781},{""x"":6,""y"":53.80000305175781}],[{""x"":2,""y"":159.8000030517578},{""x"":8,""y"":159.8000030517578},{""x"":18,""y"":158.8000030517578},{""x"":13,""y"":147.8000030517578},{""x"":8,""y"":133.8000030517578},{""x"":5,""y"":121.80000305175781},{""x"":3,""y"":113.80000305175781},{""x"":5,""y"":101.80000305175781},{""x"":6,""y"":89.80000305175781},{""x"":10,""y"":78.80000305175781},{""x"":10,""y"":72.80000305175781},{""x"":6,""y"":67.80000305175781},{""x"":1,""y"":66.80000305175781},{""x"":0,""y"":158.8000030517578}],[{""x"":231,""y"":55.80000305175781},{""x"":246,""y"":53.80000305175781},{""x"":255,""y"":56.80000305175781},{""x"":261,""y"":66.80000305175781},{""x"":262,""y"":77.80000305175781},{""x"":262,""y"":84.80000305175781},{""x"":264,""y"":91.80000305175781},{""x"":270,""y"":101.80000305175781},{""x"":272,""y"":107.80000305175781},{""x"":275,""y"":117.80000305175781},{""x"":275,""y"":125.80000305175781},{""x"":277,""y"":143.8000030517578},{""x"":278,""y"":157.8000030517578},{""x"":277,""y"":164.8000030517578},{""x"":277,""y"":172.8000030517578},{""x"":278,""y"":179.8000030517578},{""x"":278,""y"":190.8000030517578},{""x"":277,""y"":195.8000030517578},{""x"":276,""y"":203.8000030517578},{""x"":274,""y"":211.8000030517578},{""x"":274,""y"":219.8000030517578},{""x"":277,""y"":225.8000030517578},{""x"":278,""y"":234.8000030517578},{""x"":281,""y"":245.8000030517578},{""x"":281,""y"":250.8000030517578},{""x"":282,""y"":255.8000030517578},{""x"":288,""y"":261.8000030517578},{""x"":292,""y"":271.8000030517578},{""x"":299,""y"":283.8000030517578},{""x"":303,""y"":290.8000030517578},{""x"":305,""y"":295.8000030517578},{""x"":306,""y"":300.8000030517578},{""x"":309,""y"":303.8000030517578},{""x"":313,""y"":307.8000030517578},{""x"":317,""y"":311.8000030517578},{""x"":319,""y"":317.8000030517578},{""x"":320,""y"":319.8000030517578},{""x"":321,""y"":323.8000030517578},{""x"":320,""y"":325.8000030517578},{""x"":316,""y"":323.8000030517578},{""x"":314,""y"":319.8000030517578},{""x"":310,""y"":323.8000030517578},{""x"":308,""y"":327.8000030517578},{""x"":306,""y"":331.8000030517578},{""x"":304,""y"":334.8000030517578},{""x"":299,""y"":335.8000030517578},{""x"":291,""y"":335.8000030517578},{""x"":281,""y"":335.8000030517578},{""x"":282,""y"":331.8000030517578},{""x"":295,""y"":324.8000030517578},{""x"":296,""y"":314.8000030517578},{""x"":292,""y"":303.8000030517578},{""x"":284,""y"":293.8000030517578},{""x"":279,""y"":281.8000030517578},{""x"":271,""y"":268.8000030517578},{""x"":268,""y"":266.8000030517578},{""x"":246,""y"":261.8000030517578},{""x"":239,""y"":259.8000030517578},{""x"":237,""y"":263.8000030517578},{""x"":233,""y"":272.8000030517578},{""x"":233,""y"":277.8000030517578},{""x"":231,""y"":287.8000030517578},{""x"":229,""y"":295.8000030517578},{""x"":231,""y"":302.8000030517578},{""x"":232,""y"":308.8000030517578},{""x"":229,""y"":313.8000030517578},{""x"":229,""y"":316.8000030517578},{""x"":227,""y"":317.8000030517578},{""x"":223,""y"":310.8000030517578},{""x"":217,""y"":314.8000030517578},{""x"":209,""y"":313.8000030517578},{""x"":202,""y"":311.8000030517578},{""x"":197,""y"":306.8000030517578},{""x"":205,""y"":304.8000030517578},{""x"":210,""y"":302.8000030517578},{""x"":214,""y"":296.8000030517578},{""x"":217,""y"":287.8000030517578},{""x"":220,""y"":278.8000030517578},{""x"":222,""y"":269.8000030517578},{""x"":221,""y"":263.8000030517578},{""x"":221,""y"":253.8000030517578},{""x"":219,""y"":244.8000030517578},{""x"":219,""y"":235.8000030517578},{""x"":223,""y"":222.8000030517578},{""x"":228,""y"":213.8000030517578},{""x"":231,""y"":205.8000030517578},{""x"":235,""y"":195.8000030517578},{""x"":235,""y"":184.8000030517578},{""x"":232,""y"":171.8000030517578},{""x"":228,""y"":159.8000030517578},{""x"":225,""y"":168.8000030517578},{""x"":220,""y"":177.8000030517578},{""x"":215,""y"":185.8000030517578},{""x"":214,""y"":189.8000030517578},{""x"":209,""y"":189.8000030517578},{""x"":204,""y"":185.8000030517578},{""x"":201,""y"":191.8000030517578},{""x"":203,""y"":197.8000030517578},{""x"":205,""y"":204.8000030517578},{""x"":203,""y"":205.8000030517578},{""x"":199,""y"":205.8000030517578},{""x"":194,""y"":205.8000030517578},{""x"":188,""y"":206.8000030517578},{""x"":187,""y"":198.8000030517578},{""x"":187,""y"":191.8000030517578},{""x"":190,""y"":187.8000030517578},{""x"":193,""y"":183.8000030517578},{""x"":196,""y"":181.8000030517578},{""x"":198,""y"":177.8000030517578},{""x"":206,""y"":168.8000030517578},{""x"":208,""y"":158.8000030517578},{""x"":214,""y"":149.8000030517578},{""x"":221,""y"":137.8000030517578},{""x"":225,""y"":131.8000030517578},{""x"":226,""y"":124.80000305175781},{""x"":227,""y"":117.80000305175781},{""x"":232,""y"":105.80000305175781},{""x"":235,""y"":101.80000305175781},{""x"":238,""y"":99.80000305175781},{""x"":238,""y"":97.80000305175781},{""x"":233,""y"":96.80000305175781},{""x"":230,""y"":92.80000305175781},{""x"":230,""y"":85.80000305175781},{""x"":228,""y"":83.80000305175781},{""x"":228,""y"":76.80000305175781},{""x"":229,""y"":66.80000305175781},{""x"":230,""y"":57.80000305175781}]]"